word,code
ace,___a_ce___
ache,___a_che__
act,___a_ct___
ad,___a_d____
add,___a_dd___
age,___a_ge___
ah,___a_h____
aid,___aid____
aide,___aide___
aids,___aids___
aim,___aim____
air,___air____
aisle,___aisle__
al,___a_l____
all,___a_ll___
am,___a_m____
an,___a_n____
and,___a_nd___
anne,___a_nne__
ant,___a_nt___
ape,___a_pe___
arch,___a_rch__
are,___a_re___
ark,___a_rk___
arm,___a_rm___
armed,___a_rmed_
arms,___a_rms__
art,___a_rt___
arts,___a_rts__
as,___a_s____
ash,___a_sh___
ask,___a_sk___
asked,___a_sked_
asks,___a_sks__
ass,___a_ss___
at,___a_t____
ate,___a_te___
aunt,___aunt___
aunts,___aunts__
ax,___a_x____
axe,___a_xe___
aye,___aye____
ba,__ba______
babe,__ba_be___
back,__ba_ck___
backed,__ba_cked_
bad,__ba_d____
bade,__ba_de___
badge,__ba_dge__
bag,__ba_g____
bags,__ba_gs___
bait,__bait____
baits,__baits___
bake,__ba_ke___
baked,__ba_ked__
bald,__ba_ld___
bale,__ba_le___
ball,__ba_ll___
balls,__ba_lls__
bam,__ba_m____
band,__ba_nd___
bands,__ba_nds__
bang,__ba_ng___
banged,__ba_nged_
bank,__ba_nk___
bar,__ba_r____
bare,__ba_re___
bark,__ba_rk___
barked,__ba_rked_
barn,__ba_rn___
bars,__ba_rs___
bas,__ba_s____
base,__ba_se___
bash,__ba_sh___
bass,__ba_ss___
bat,__ba_t____
batch,__ba_tch__
bath,__ba_th___
bathe,__ba_the__
bats,__ba_ts___
bay,__bay_____
be,__be______
beach,__beach___
bead,__bead____
beak,__beak____
beam,__beam____
bean,__bean____
beans,__beans___
bear,__bear____
beard,__beard___
bears,__bears___
beast,__beast___
beat,__beat____
bed,__be_d____
beds,__be_ds___
bee,__bee_____
beef,__beef____
been,__been____
beep,__beep____
beer,__beer____
bees,__bees____
beet,__beet____
beg,__be_g____
begged,__be_gged_
beige,__beige___
belch,__be_lch__
bell,__be_ll___
bells,__be_lls__
belt,__be_lt___
ben,__be_n____
bench,__be_nch__
bend,__be_nd___
bends,__be_nds__
bent,__be_nt___
best,__be_st___
bet,__be_t____
bib,__bi_b____
bid,__bi_d____
big,__bi_g____
bike,__bi_ke___
bikes,__bi_kes__
bill,__bi_ll___
bin,__bi_n____
bing,__bi_ng___
bird,__bi_rd___
birds,__bi_rds__
birth,__bi_rth__
bit,__bi_t____
bite,__bi_te___
bites,__bi_tes__
bits,__bi_ts___
blab,_bla_b____
black,_bla_ck___
blade,_bla_de___
blah,_bla_h____
blame,_bla_me___
bland,_bla_nd___
blank,_bla_nk___
blast,_bla_st___
blaze,_bla_ze___
bleach,_bleach___
bleed,_bleed____
bless,_ble_ss___
blessed,_ble_ssed_
blew,_blew_____
blimp,_bli_mp___
blind,_bli_nd___
blink,_bli_nk___
blinked,_bli_nked_
blob,_blo_b____
block,_blo_ck___
blocks,_blo_cks__
blond,_blo_nd___
blonde,_blo_nde__
blood,_blood____
bloom,_bloom____
bloomed,_bloomed__
blot,_blo_t____
blouse,_blouse___
blow,_blow_____
blown,_blown____
blows,_blows____
blub,_blu_b____
blue,_blue_____
bluff,_blu_ff___
blur,_blu_r____
blurt,_blu_rt___
blush,_blu_sh___
blushed,_blu_shed_
bo,__bo______
board,__board___
boast,__boast___
boat,__boat____
boats,__boats___
bob,__bo_b____
boil,__boil____
boiled,__boiled__
bold,__bo_ld___
bolt,__bo_lt___
bomb,__bo_mb___
bon,__bo_n____
bone,__bo_ne___
bones,__bo_nes__
boo,__boo_____
boob,__boob____
book,__book____
books,__books___
boom,__boom____
boost,__boost___
boot,__boot____
booth,__booth___
boots,__boots___
bop,__bo_p____
bore,__bo_re___
bored,__bo_red__
born,__bo_rn___
boss,__bo_ss___
both,__bo_th___
bough,__bough___
bought,__bought__
bounce,__bounce__
bound,__bound___
bout,__bout____
bow,__bow_____
bowed,__bowed___
bowl,__bowl____
bowls,__bowls___
box,__bo_x____
boy,__boy_____
boys,__boys____
bra,_bra______
brace,_bra_ce___
brag,_bra_g____
braid,_braid____
braille,_braille__
brain,_brain____
brains,_brains___
branch,_bra_nch__
brand,_bra_nd___
brass,_bra_ss___
brat,_bra_t____
brave,_bra_ve___
bray,_bray_____
bread,_bread____
break,_break____
breaks,_breaks___
breast,_breast___
breasts,_breasts__
breath,_breath___
breathe,_breathe__
breathed,_breathed_
breed,_breed____
breeze,_breeze___
brick,_bri_ck___
bricks,_bri_cks__
bride,_bri_de___
bridge,_bri_dge__
brief,_brief____
bright,_bri_ght__
bring,_bri_ng___
brings,_bri_ngs__
broad,_broad____
broil,_broil____
broke,_bro_ke___
brook,_brook____
broom,_broom____
broth,_bro_th___
brought,_brought__
brown,_brown____
bruise,_bruise___
brunch,_bru_nch__
brush,_bru_sh___
brushed,_bru_shed_
buck,__bu_ck___
bud,__bu_d____
bug,__bu_g____
bugs,__bu_gs___
build,__build___
built,__built___
bulb,__bu_lb___
bulbs,__bu_lbs__
bulge,__bu_lge__
bull,__bu_ll___
bulls,__bu_lls__
bum,__bu_m____
bump,__bu_mp___
bumped,__bu_mped_
bumps,__bu_mps__
bun,__bu_n____
bunch,__bu_nch__
bunk,__bu_nk___
buns,__bu_ns___
bunt,__bu_nt___
burn,__bu_rn___
burned,__bu_rned_
burnt,__bu_rnt__
burp,__bu_rp___
burst,__bu_rst__
bus,__bu_s____
bush,__bu_sh___
but,__bu_t____
butt,__bu_tt___
buy,__buy_____
buzz,__bu_zz___
by,__by______
bye,__bye_____
cab,__ca_b____
cage,__ca_ge___
cake,__ca_ke___
cakes,__ca_kes__
calf,__ca_lf___
call,__ca_ll___
called,__ca_lled_
calls,__ca_lls__
calm,__ca_lm___
calve,__ca_lve__
came,__ca_me___
camp,__ca_mp___
can,__ca_n____
cane,__ca_ne___
canned,__ca_nned_
cans,__ca_ns___
cant,__ca_nt___
cap,__ca_p____
cape,__ca_pe___
caped,__ca_ped__
caps,__ca_ps___
car,__ca_r____
card,__ca_rd___
cards,__ca_rds__
care,__ca_re___
cared,__ca_red__
carl,__ca_rl___
cars,__ca_rs___
cart,__ca_rt___
carve,__ca_rve__
case,__ca_se___
cash,__ca_sh___
cast,__ca_st___
cat,__ca_t____
catch,__ca_tch__
cats,__ca_ts___
caught,__caught__
cause,__cause___
cave,__ca_ve___
caw,__caw_____
cent,__ce_nt___
cents,__ce_nts__
chain,_chain____
chains,_chains___
chair,_chair____
chairs,_chairs___
chalk,_cha_lk___
champ,_cha_mp___
chance,_cha_nce__
chang,_cha_ng___
change,_cha_nge__
changed,_cha_nged_
chant,_cha_nt___
charge,_cha_rge__
charm,_cha_rm___
charms,_cha_rms__
chart,_cha_rt___
chase,_cha_se___
chased,_cha_sed__
chat,_cha_t____
cheap,_cheap____
cheat,_cheat____
check,_che_ck___
checked,_che_cked_
cheek,_cheek____
cheeks,_cheeks___
cheep,_cheep____
cheer,_cheer____
cheered,_cheered__
cheers,_cheers___
cheese,_cheese___
chef,_che_f____
chess,_che_ss___
chest,_che_st___
chew,_chew_____
chewed,_chewed___
chick,_chi_ck___
chicks,_chi_cks__
chief,_chief____
child,_chi_ld___
chill,_chi_ll___
chills,_chi_lls__
chime,_chi_me___
chimp,_chi_mp___
chin,_chi_n____
chip,_chi_p____
chips,_chi_ps___
chirp,_chi_rp___
chirped,_chi_rped_
choice,_choice___
choir,_choir____
choke,_cho_ke___
chomp,_cho_mp___
choo,_choo_____
choose,_choose___
chop,_cho_p____
chopped,_cho_pped_
chore,_cho_re___
chores,_cho_res__
chose,_cho_se___
chow,_chow_____
chrome,chro_me___
chuck,_chu_ck___
chug,_chu_g____
chunk,_chu_nk___
church,_chu_rch__
churn,_chu_rn___
chute,_chu_te___
clack,_cla_ck___
clam,_cla_m____
clang,_cla_ng___
clank,_cla_nk___
clap,_cla_p____
clapped,_cla_pped_
clark,_cla_rk___
clash,_cla_sh___
clasp,_cla_sp___
class,_cla_ss___
claw,_claw_____
claws,_claws____
clay,_clay_____
clean,_clean____
cleaned,_cleaned__
cleanse,_cleanse__
clear,_clear____
cleared,_cleared__
cleat,_cleat____
clerk,_cle_rk___
click,_cli_ck___
cliff,_cli_ff___
climb,_cli_mb___
climbed,_cli_mbed_
cling,_cli_ng___
clip,_cli_p____
cloak,_cloak____
clock,_clo_ck___
clocks,_clo_cks__
clone,_clo_ne___
close,_clo_se___
closed,_clo_sed__
cloth,_clo_th___
clothe,_clo_the__
clothes,_clo_thes_
cloud,_cloud____
clouds,_clouds___
clown,_clown____
club,_clu_b____
cluck,_clu_ck___
clucked,_clu_cked_
clue,_clue_____
clump,_clu_mp___
clunk,_clu_nk___
coach,__coach___
coal,__coal____
coast,__coast___
coat,__coat____
cob,__co_b____
cock,__co_ck___
code,__co_de___
coin,__coin____
coke,__co_ke___
cold,__co_ld___
cole,__co_le___
colt,__co_lt___
comb,__co_mb___
come,__co_me___
comes,__co_mes__
cone,__co_ne___
coo,__coo_____
cook,__cook____
cooked,__cooked__
cool,__cool____
coop,__coop____
cop,__co_p____
cord,__co_rd___
core,__co_re___
cork,__co_rk___
corn,__co_rn___
cost,__co_st___
cot,__co_t____
couch,__couch___
cough,__cough___
coughed,__coughed_
could,__could___
count,__count___
coupe,__coupe___
course,__course__
court,__court___
cow,__cow_____
cows,__cows____
crab,_cra_b____
crack,_cra_ck___
cracked,_cra_cked_
craft,_cra_ft___
cramp,_cra_mp___
crane,_cra_ne___
cranes,_cra_nes__
crap,_cra_p____
crash,_cra_sh___
crashed,_cra_shed_
crate,_cra_te___
crawl,_crawl____
crawled,_crawled__
crawls,_crawls___
crazed,_cra_zed__
creak,_creak____
cream,_cream____
crease,_crease___
creek,_creek____
creep,_creep____
crept,_cre_pt___
crew,_crew_____
crib,_cri_b____
crick,_cri_ck___
cried,_cried____
cries,_cries____
crime,_cri_me___
crimp,_cri_mp___
crisp,_cri_sp___
croak,_croak____
crook,_crook____
crop,_cro_p____
cross,_cro_ss___
crossed,_cro_ssed_
crotch,_cro_tch__
crouch,_crouch___
crow,_crow_____
crowd,_crowd____
crowed,_crowed___
crown,_crown____
crows,_crows____
crud,_cru_d____
crumb,_cru_mb___
crumbs,_cru_mbs__
crunch,_cru_nch__
crush,_cru_sh___
crust,_cru_st___
crusts,_cru_sts__
crutch,_cru_tch__
cry,_cry______
cub,__cu_b____
cube,__cu_be___
cubs,__cu_bs___
cuff,__cu_ff___
cup,__cu_p____
cups,__cu_ps___
curb,__cu_rb___
cure,__cu_re___
curl,__cu_rl___
curls,__cu_rls__
curse,__cu_rse__
curve,__cu_rve__
curved,__cu_rved_
cuss,__cu_ss___
cut,__cu_t____
cute,__cu_te___
da,__da______
dab,__da_b____
dad,__da_d____
dam,__da_m____
dame,__da_me___
damn,__da_mn___
damp,__da_mp___
dance,__da_nce__
danced,__da_nced_
dare,__da_re___
dared,__da_red__
dark,__da_rk___
darn,__da_rn___
dart,__da_rt___
darts,__da_rts__
dash,__da_sh___
dashed,__da_shed_
date,__da_te___
dawn,__dawn____
day,__day_____
days,__days____
de,__de______
dead,__dead____
deaf,__deaf____
deal,__deal____
dear,__dear____
death,__death___
deck,__de_ck___
dee,__dee_____
deeds,__deeds___
deep,__deep____
deer,__deer____
dell,__de_ll___
den,__de_n____
dent,__de_nt___
desk,__de_sk___
dew,__dew_____
dial,__dial____
dice,__di_ce___
did,__di_d____
die,__die_____
died,__died____
dig,__di_g____
digs,__di_gs___
dill,__di_ll___
dim,__di_m____
dime,__di_me___
din,__di_n____
dine,__di_ne___
ding,__di_ng___
dip,__di_p____
dirt,__di_rt___
dish,__di_sh___
disk,__di_sk___
ditch,__di_tch__
dive,__di_ve___
do,__do______
doc,__do_c____
dock,__do_ck___
dodge,__do_dge__
doe,__doe_____
does,__does____
dog,__do_g____
dogs,__do_gs___
doll,__do_ll___
dolls,__do_lls__
dome,__do_me___
don,__do_n____
done,__do_ne___
dong,__do_ng___
door,__door____
doors,__doors___
dork,__do_rk___
dot,__do_t____
doth,__do_th___
dots,__do_ts___
doubt,__doubt___
dough,__dough___
dove,__do_ve___
down,__down____
doze,__do_ze___
draft,_dra_ft___
drag,_dra_g____
dragged,_dra_gged_
drain,_drain____
drake,_dra_ke___
drank,_dra_nk___
drapes,_dra_pes__
drat,_dra_t____
draw,_draw_____
drawn,_drawn____
dream,_dream____
dreamed,_dreamed__
dreams,_dreams___
dress,_dre_ss___
dressed,_dre_ssed_
drew,_drew_____
dried,_dried____
drift,_dri_ft___
drifts,_dri_fts__
drill,_dri_ll___
drink,_dri_nk___
drip,_dri_p____
drive,_dri_ve___
drives,_dri_ves__
drool,_drool____
drop,_dro_p____
dropped,_dro_pped_
drops,_dro_ps___
drought,_drought__
drove,_dro_ve___
drown,_drown____
drowned,_drowned__
drug,_dru_g____
drum,_dru_m____
drums,_dru_ms___
dry,_dry______
duck,__du_ck___
ducks,__du_cks__
dud,__du_d____
dude,__du_de___
due,__due_____
dug,__du_g____
duke,__du_ke___
dull,__du_ll___
dumb,__du_mb___
dump,__du_mp___
dumped,__du_mped_
dune,__du_ne___
dunk,__du_nk___
dusk,__du_sk___
dust,__du_st___
dwarf,_dwa_rf___
dwell,_dwe_ll___
dye,__dye_____
each,___each___
ear,___ear____
earn,___earn___
ears,___ears___
earth,___earth__
east,___east___
eat,___eat____
eats,___eats___
ed,___e_d____
edge,___e_dge__
eek,___eek____
eel,___eel____
egg,___e_gg___
eggs,___e_ggs__
eight,___eight__
eighth,___eighth_
elf,___e_lf___
elk,___e_lk___
else,___e_lse__
elves,___e_lves_
em,___e_m____
end,___e_nd___
ends,___e_nds__
etch,___e_tch__
eve,___e_ve___
ex,___e_x____
eye,___eye____
eyed,___eyed___
eyes,___eyes___
face,__fa_ce___
faced,__fa_ced__
fact,__fa_ct___
fade,__fa_de___
fail,__fail____
failed,__failed__
faint,__faint___
fair,__fair____
faith,__faith___
fake,__fa_ke___
fall,__fa_ll___
falls,__fa_lls__
false,__fa_lse__
fame,__fa_me___
fan,__fa_n____
fang,__fa_ng___
far,__fa_r____
fare,__fa_re___
farm,__fa_rm___
fart,__fa_rt___
fast,__fa_st___
fat,__fa_t____
fault,__fault___
fawn,__fawn____
fear,__fear____
feast,__feast___
fed,__fe_d____
fee,__fee_____
feed,__feed____
feeds,__feeds___
feel,__feel____
feels,__feels___
feet,__feet____
fell,__fe_ll___
felt,__fe_lt___
fence,__fe_nce__
fern,__fe_rn___
fetch,__fe_tch__
fetched,__fe_tched
few,__few_____
fib,__fi_b____
fie,__fie_____
field,__field___
fields,__fields__
fierce,__fierce__
fifth,__fi_fth__
fig,__fi_g____
fight,__fi_ght__
fights,__fi_ghts_
file,__fi_le___
fill,__fi_ll___
filled,__fi_lled_
film,__fi_lm___
filth,__fi_lth__
fin,__fi_n____
finch,__fi_nch__
find,__fi_nd___
finds,__fi_nds__
fine,__fi_ne___
fink,__fi_nk___
fir,__fi_r____
fire,__fi_re___
fired,__fi_red__
first,__fi_rst__
fish,__fi_sh___
fist,__fi_st___
fit,__fi_t____
fits,__fi_ts___
five,__fi_ve___
fix,__fi_x____
fixed,__fi_xed__
fizz,__fi_zz___
flag,_fla_g____
flair,_flair____
flake,_fla_ke___
flame,_fla_me___
flap,_fla_p____
flapped,_fla_pped_
flash,_fla_sh___
flashed,_fla_shed_
flat,_fla_t____
flea,_flea_____
fleas,_fleas____
fled,_fle_d____
flee,_flee_____
flesh,_fle_sh___
flew,_flew_____
flex,_fle_x____
flick,_fli_ck___
flies,_flies____
flight,_fli_ght__
flinch,_fli_nch__
fling,_fli_ng___
flip,_fli_p____
flirt,_fli_rt___
float,_float____
floats,_floats___
flock,_flo_ck___
flood,_flood____
floor,_floor____
floors,_floors___
flop,_flo_p____
floss,_flo_ss___
flour,_flour____
flow,_flow_____
flown,_flown____
flu,_flu______
fluff,_flu_ff___
flung,_flu_ng___
flunk,_flu_nk___
flush,_flu_sh___
flute,_flu_te___
fly,_fly______
foal,__foal____
foam,__foam____
fog,__fo_g____
foil,__foil____
fold,__fo_ld___
folk,__fo_lk___
folks,__fo_lks__
fond,__fo_nd___
food,__food____
fool,__fool____
foot,__foot____
for,__fo_r____
force,__fo_rce__
ford,__fo_rd___
fork,__fo_rk___
form,__fo_rm___
fort,__fo_rt___
forth,__fo_rth__
fought,__fought__
foul,__foul____
found,__found___
four,__four____
fourth,__fourth__
fowl,__fowl____
fox,__fo_x____
frame,_fra_me___
france,_fra_nce__
freak,_freak____
fred,_fre_d____
free,_free_____
freeze,_freeze___
freight,_freight__
french,_fre_nch__
fresh,_fre_sh___
fret,_fre_t____
fridge,_fri_dge__
fried,_fried____
friend,_friend___
friends,_friends__
fright,_fri_ght__
frill,_fri_ll___
fritz,_fri_tz___
frizz,_fri_zz___
frog,_fro_g____
frogs,_fro_gs___
from,_fro_m____
front,_fro_nt___
frost,_fro_st___
frown,_frown____
frowned,_frowned__
fruit,_fruit____
fruits,_fruits___
fry,_fry______
fudge,__fu_dge__
fuel,__fuel____
full,__fu_ll___
fume,__fu_me___
fun,__fu_n____
fur,__fu_r____
fuss,__fu_ss___
fuzz,__fu_zz___
gag,__ga_g____
gain,__gain____
gal,__ga_l____
game,__ga_me___
games,__ga_mes__
gang,__ga_ng___
gap,__ga_p____
gas,__ga_s____
gash,__ga_sh___
gasp,__ga_sp___
gasped,__ga_sped_
gate,__ga_te___
gave,__ga_ve___
gay,__gay_____
gaze,__ga_ze___
gazed,__ga_zed__
gear,__gear____
gee,__gee_____
geese,__geese___
gel,__ge_l____
gem,__ge_m____
george,__george__
germ,__ge_rm___
germs,__ge_rms__
get,__ge_t____
gets,__ge_ts___
ghost,_gho_st___
gift,__gi_ft___
gill,__gi_ll___
girl,__gi_rl___
girls,__gi_rls__
give,__gi_ve___
gives,__gi_ves__
glad,_gla_d____
glance,_gla_nce__
glanced,_gla_nced_
glass,_gla_ss___
glaze,_gla_ze___
glazed,_gla_zed__
glide,_gli_de___
glob,_glo_b____
globe,_glo_be___
gloom,_gloom____
glove,_glo_ve___
gloved,_glo_ved__
gloves,_glo_ves__
glow,_glow_____
glue,_glue_____
gnome,_gno_me___
go,__go______
goal,__goal____
goat,__goat____
goats,__goats___
god,__go_d____
goes,__goes____
gold,__go_ld___
golf,__go_lf___
gone,__go_ne___
goo,__goo_____
good,__good____
goods,__goods___
goof,__goof____
goose,__goose___
gore,__go_re___
gosh,__go_sh___
got,__go_t____
gourd,__gourd___
gown,__gown____
grab,_gra_b____
grabbed,_gra_bbed_
grace,_gra_ce___
grade,_gra_de___
grain,_grain____
gran,_gra_n____
grand,_gra_nd___
grape,_gra_pe___
grapes,_gra_pes__
graph,_gra_ph___
grasp,_gra_sp___
grass,_gra_ss___
grate,_gra_te___
grave,_gra_ve___
gray,_gray_____
graze,_gra_ze___
grease,_grease___
greased,_greased__
great,_great____
greed,_greed____
green,_green____
greens,_greens___
greet,_greet____
grew,_grew_____
grey,_grey_____
grief,_grief____
grill,_gri_ll___
grilled,_gri_lled_
grime,_gri_me___
grin,_gri_n____
grind,_gri_nd___
grip,_gri_p____
grits,_gri_ts___
groan,_groan____
groaned,_groaned__
groat,_groat____
groom,_groom____
groomed,_groomed__
groove,_groove___
gross,_gro_ss___
grouch,_grouch___
ground,_ground___
group,_group____
grove,_gro_ve___
grow,_grow_____
growl,_growl____
grown,_grown____
grows,_grows____
growth,_growth___
grub,_gru_b____
gruff,_gru_ff___
grump,_gru_mp___
grunt,_gru_nt___
guard,__guard___
guess,__guess___
guest,__guest___
guests,__guests__
guide,__guide___
guilt,__guilt___
gull,__gu_ll___
gulp,__gu_lp___
gulped,__gu_lped_
gum,__gu_m____
gump,__gu_mp___
gun,__gu_n____
gunk,__gu_nk___
gust,__gu_st___
gut,__gu_t____
guts,__gu_ts___
guy,__guy_____
guys,__guys____
gym,__gy_m____
ha,__ha______
hack,__ha_ck___
had,__ha_d____
hail,__hail____
hair,__hair____
haired,__haired__
half,__ha_lf___
hall,__ha_ll___
halt,__ha_lt___
ham,__ha_m____
hand,__ha_nd___
hands,__ha_nds__
hang,__ha_ng___
hard,__ha_rd___
hare,__ha_re___
hark,__ha_rk___
harm,__ha_rm___
harp,__ha_rp___
has,__ha_s____
haste,__ha_ste__
hat,__ha_t____
hatch,__ha_tch__
hate,__ha_te___
hats,__ha_ts___
haul,__haul____
haunt,__haunt___
have,__ha_ve___
hawk,__hawk____
hay,__hay_____
he,__he______
head,__head____
heads,__heads___
heal,__heal____
health,__health__
heap,__heap____
hear,__hear____
heard,__heard___
heart,__heart___
hearts,__hearts__
heat,__heat____
heck,__he_ck___
hedge,__he_dge__
heel,__heel____
heels,__heels___
height,__height__
held,__he_ld___
hell,__he_ll___
help,__he_lp___
helped,__he_lped_
hem,__he_m____
hen,__he_n____
hens,__he_ns___
her,__he_r____
herbs,__he_rbs__
herd,__he_rd___
here,__he_re___
hers,__he_rs___
hey,__hey_____
hi,__hi______
hick,__hi_ck___
hid,__hi_d____
hide,__hi_de___
hides,__hi_des__
high,__hi_gh___
hill,__hi_ll___
hills,__hi_lls__
him,__hi_m____
hind,__hi_nd___
hinge,__hi_nge__
hint,__hi_nt___
hip,__hi_p____
hire,__hi_re___
his,__hi_s____
hiss,__hi_ss___
hissed,__hi_ssed_
hit,__hi_t____
hitch,__hi_tch__
hive,__hi_ve___
ho,__ho______
hoarse,__hoarse__
hoe,__hoe_____
hog,__ho_g____
hogs,__ho_gs___
hold,__ho_ld___
hole,__ho_le___
holes,__ho_les__
holmes,__ho_lmes_
home,__ho_me___
homes,__ho_mes__
honk,__ho_nk___
hoo,__hoo_____
hood,__hood____
hoof,__hoof____
hook,__hook____
hoop,__hoop____
hoot,__hoot____
hop,__ho_p____
hope,__ho_pe___
hoped,__ho_ped__
hopped,__ho_pped_
hops,__ho_ps___
horn,__ho_rn___
horns,__ho_rns__
horse,__ho_rse__
hose,__ho_se___
host,__ho_st___
hot,__ho_t____
hound,__hound___
hour,__hour____
hours,__hours___
house,__house___
how,__how_____
howl,__howl____
howled,__howled__
hoy,__hoy_____
huffed,__hu_ffed_
hug,__hu_g____
huge,__hu_ge___
hugged,__hu_gged_
hugs,__hu_gs___
huh,__hu_h____
hum,__hu_m____
hump,__hu_mp___
humph,__hu_mph__
hunch,__hu_nch__
hung,__hu_ng___
hunk,__hu_nk___
hunt,__hu_nt___
hurl,__hu_rl___
hurt,__hu_rt___
hurts,__hu_rts__
hush,__hu_sh___
hushed,__hu_shed_
husk,__hu_sk___
hut,__hu_t____
hymn,__hy_mn___
ice,___i_ce___
iced,___i_ced__
if,___i_f____
ill,___i_ll___
in,___i_n____
inch,___i_nch__
ink,___i_nk___
inn,___i_nn___
is,___i_s____
it,___i_t____
itch,___i_tch__
its,___i_ts___
ives,___i_ves__
jab,__ja_b____
jack,__ja_ck___
jail,__jail____
jake,__ja_ke___
jam,__ja_m____
james,__ja_mes__
jane,__ja_ne___
jar,__ja_r____
jaw,__jaw_____
jaws,__jaws____
jay,__jay_____
jazz,__ja_zz___
jean,__jean____
jeans,__jeans___
jeep,__jeep____
jerk,__je_rk___
jet,__je_t____
jig,__ji_g____
jill,__ji_ll___
jim,__ji_m____
jinx,__ji_nx___
jo,__jo______
joan,__joan____
job,__jo_b____
jobs,__jo_bs___
joe,__joe_____
jog,__jo_g____
john,__jo_hn___
join,__join____
joined,__joined__
joke,__jo_ke___
jokes,__jo_kes__
josh,__jo_sh___
jot,__jo_t____
joy,__joy_____
joys,__joys____
judge,__ju_dge__
jug,__ju_g____
juice,__juice___
jump,__ju_mp___
jumped,__ju_mped_
jumps,__ju_mps__
june,__ju_ne___
junk,__ju_nk___
just,__ju_st___
kart,__ka_rt___
keep,__keep____
keeps,__keeps___
kept,__ke_pt___
key,__key_____
kick,__ki_ck___
kid,__ki_d____
kids,__ki_ds___
kill,__ki_ll___
killed,__ki_lled_
kilt,__ki_lt___
kin,__ki_n____
kind,__ki_nd___
kinds,__ki_nds__
king,__ki_ng___
kiss,__ki_ss___
kissed,__ki_ssed_
kit,__ki_t____
kite,__ki_te___
kites,__ki_tes__
kits,__ki_ts___
knave,_kna_ve___
knead,_knead____
knee,_knee_____
kneel,_kneel____
knees,_knees____
knew,_knew_____
knife,_kni_fe___
knight,_kni_ght__
knit,_kni_t____
knives,_kni_ves__
knob,_kno_b____
knock,_kno_ck___
knocked,_kno_cked_
knot,_kno_t____
know,_know_____
known,_known____
knows,_knows____
knox,_kno_x____
la,__la______
lab,__la_b____
lace,__la_ce___
lack,__la_ck___
lad,__la_d____
laid,__laid____
lair,__lair____
lake,__la_ke___
lakes,__la_kes__
lamb,__la_mb___
lambs,__la_mbs__
lamp,__la_mp___
land,__la_nd___
lands,__la_nds__
lane,__la_ne___
lanes,__la_nes__
lap,__la_p____
large,__la_rge__
lark,__la_rk___
last,__la_st___
latch,__la_tch__
late,__la_te___
laugh,__laugh___
laughed,__laughed_
launch,__launch__
law,__law_____
lawn,__lawn____
lay,__lay_____
lead,__lead____
leaf,__leaf____
league,__league__
leak,__leak____
lean,__lean____
leaned,__leaned__
leap,__leap____
leaped,__leaped__
leapt,__leapt___
learn,__learn___
learned,__learned_
learnt,__learnt__
leash,__leash___
least,__least___
leave,__leave___
leaves,__leaves__
led,__le_d____
lee,__lee_____
leech,__leech___
leeds,__leeds___
left,__le_ft___
leg,__le_g____
legged,__le_gged_
legs,__le_gs___
lend,__le_nd___
length,__le_ngth_
less,__le_ss___
let,__le_t____
lets,__le_ts___
lick,__li_ck___
licked,__li_cked_
licks,__li_cks__
lid,__li_d____
lie,__lie_____
lies,__lies____
life,__li_fe___
lift,__li_ft___
light,__li_ght__
lights,__li_ghts_
like,__li_ke___
liked,__li_ked__
likes,__li_kes__
limb,__li_mb___
lime,__li_me___
limp,__li_mp___
line,__li_ne___
lined,__li_ned__
lines,__li_nes__
lint,__li_nt___
lip,__li_p____
lips,__li_ps___
list,__li_st___
lit,__li_t____
live,__li_ve___
lived,__li_ved__
lives,__li_ves__
load,__load____
loads,__loads___
loaf,__loaf____
lock,__lo_ck___
locked,__lo_cked_
locks,__lo_cks__
lodge,__lo_dge__
log,__lo_g____
logs,__lo_gs___
lone,__lo_ne___
long,__lo_ng___
longed,__lo_nged_
look,__look____
looked,__looked__
looks,__looks___
loom,__loom____
loop,__loop____
loose,__loose___
lord,__lo_rd___
lose,__lo_se___
loss,__lo_ss___
lost,__lo_st___
lot,__lo_t____
lots,__lo_ts___
lou,__lou_____
loud,__loud____
love,__lo_ve___
loved,__lo_ved__
loves,__lo_ves__
low,__low_____
luck,__lu_ck___
luke,__lu_ke___
lump,__lu_mp___
lunch,__lu_nch__
lung,__lu_ng___
lurch,__lu_rch__
lure,__lu_re___
ma,__ma______
mac,__ma_c____
mack,__ma_ck___
mad,__ma_d____
made,__ma_de___
mag,__ma_g____
maid,__maid____
maids,__maids___
mail,__mail____
main,__main____
make,__ma_ke___
makes,__ma_kes__
male,__ma_le___
mall,__ma_ll___
malt,__ma_lt___
man,__ma_n____
mane,__ma_ne___
map,__ma_p____
march,__ma_rch__
marched,__ma_rched
mare,__ma_re___
mark,__ma_rk___
marks,__ma_rks__
mars,__ma_rs___
mash,__ma_sh___
mashed,__ma_shed_
mask,__ma_sk___
masked,__ma_sked_
mat,__ma_t____
match,__ma_tch__
mate,__ma_te___
math,__ma_th___
max,__ma_x____
may,__may_____
maze,__ma_ze___
me,__me______
meal,__meal____
meals,__meals___
mean,__mean____
means,__means___
meant,__meant___
meat,__meat____
meet,__meet____
melt,__me_lt___
men,__me_n____
mend,__me_nd___
mess,__me_ss___
met,__me_t____
mew,__mew_____
mice,__mi_ce___
might,__mi_ght__
mike,__mi_ke___
mild,__mi_ld___
mile,__mi_le___
miles,__mi_les__
milk,__mi_lk___
milked,__mi_lked_
mill,__mi_ll___
mime,__mi_me___
mind,__mi_nd___
mine,__mi_ne___
mint,__mi_nt___
miss,__mi_ss___
missed,__mi_ssed_
mist,__mi_st___
mit,__mi_t____
mitt,__mi_tt___
mix,__mi_x____
mixed,__mi_xed__
moan,__moan____
mole,__mo_le___
mom,__mo_m____
moms,__mo_ms___
month,__mo_nth__
months,__mo_nths_
moo,__moo_____
mood,__mood____
moon,__moon____
moose,__moose___
mop,__mo_p____
more,__mo_re___
morn,__mo_rn___
moss,__mo_ss___
most,__mo_st___
moth,__mo_th___
mound,__mound___
mount,__mount___
mouse,__mouse___
mouth,__mouth___
mouths,__mouths__
move,__mo_ve___
moved,__mo_ved__
moves,__mo_ves__
mow,__mow_____
much,__mu_ch___
muck,__mu_ck___
mud,__mu_d____
muff,__mu_ff___
mug,__mu_g____
mule,__mu_le___
mum,__mu_m____
mumps,__mu_mps__
munch,__mu_nch__
mush,__mu_sh___
must,__mu_st___
mutt,__mu_tt___
my,__my______
myth,__my_th___
nab,__na_b____
nail,__nail____
nails,__nails___
name,__na_me___
named,__na_med__
names,__na_mes__
nap,__na_p____
nate,__na_te___
naught,__naught__
nay,__nay_____
near,__near____
neat,__neat____
neck,__ne_ck___
necks,__ne_cks__
ned,__ne_d____
need,__need____
needs,__needs___
neigh,__neigh___
nerd,__ne_rd___
nest,__ne_st___
nests,__ne_sts__
net,__ne_t____
new,__new_____
news,__news____
newt,__newt____
next,__ne_xt___
nice,__ni_ce___
nick,__ni_ck___
niece,__niece___
night,__ni_ght__
nights,__ni_ghts_
nine,__ni_ne___
ninth,__ni_nth__
nip,__ni_p____
nit,__ni_t____
no,__no______
nob,__no_b____
nod,__no_d____
noise,__noise___
non,__no_n____
none,__no_ne___
nook,__nook____
noon,__noon____
noose,__noose___
nope,__no_pe___
nor,__no_r____
north,__no_rth__
nose,__no_se___
not,__no_t____
notch,__no_tch__
note,__no_te___
noun,__noun____
now,__now_____
nude,__nu_de___
nun,__nu_n____
nurse,__nu_rse__
nut,__nu_t____
nuts,__nu_ts___
oak,___oak____
oar,___oar____
oat,___oat____
oats,___oats___
odd,___o_dd___
odds,___o_dds__
of,___o_f____
off,___o_ff___
oh,___o_h____
oil,___oil____
oink,___oink___
old,___o_ld___
on,___o_n____
once,___o_nce__
one,___o_ne___
ones,___o_nes__
oops,___oops___
ooze,___ooze___
or,___o_r____
ouch,___ouch___
ought,___ought__
ounce,___ounce__
our,___our____
ours,___ours___
out,___out____
ow,___ow_____
owe,___owe____
owl,___owl____
own,___own____
ox,___o_x____
pa,__pa______
pace,__pa_ce___
paced,__pa_ced__
pack,__pa_ck___
packed,__pa_cked_
pad,__pa_d____
page,__pa_ge___
paid,__paid____
pail,__pail____
pain,__pain____
pained,__pained__
pains,__pains___
paint,__paint___
paints,__paints__
pair,__pair____
pairs,__pairs___
pal,__pa_l____
pale,__pa_le___
palm,__pa_lm___
pan,__pa_n____
pans,__pa_ns___
pant,__pa_nt___
pants,__pa_nts__
park,__pa_rk___
part,__pa_rt___
pass,__pa_ss___
passed,__pa_ssed_
past,__pa_st___
paste,__pa_ste__
pat,__pa_t____
patch,__pa_tch__
patched,__pa_tched
path,__pa_th___
paul,__paul____
pause,__pause___
paused,__paused__
pave,__pa_ve___
paw,__paw_____
paws,__paws____
pay,__pay_____
pea,__pea_____
peace,__peace___
peach,__peach___
peak,__peak____
peal,__peal____
pear,__pear____
pearl,__pearl___
pears,__pears___
peas,__peas____
pease,__pease___
peck,__pe_ck___
pee,__pee_____
peek,__peek____
peeked,__peeked__
peel,__peel____
peep,__peep____
peered,__peered__
peg,__pe_g____
pell,__pe_ll___
pen,__pe_n____
pep,__pe_p____
per,__pe_r____
perched,__pe_rched
perm,__pe_rm___
pest,__pe_st___
pet,__pe_t____
pete,__pe_te___
pets,__pe_ts___
pew,__pew_____
phone,_pho_ne___
phrase,phra_se___
pick,__pi_ck___
picked,__pi_cked_
picks,__pi_cks__
pie,__pie_____
piece,__piece___
pierce,__pierce__
pies,__pies____
pig,__pi_g____
pigs,__pi_gs___
pile,__pi_le___
piled,__pi_led__
pill,__pi_ll___
pin,__pi_n____
pinch,__pi_nch__
pine,__pi_ne___
ping,__pi_ng___
pink,__pi_nk___
pins,__pi_ns___
pint,__pi_nt___
pip,__pi_p____
pipe,__pi_pe___
pipes,__pi_pes__
piss,__pi_ss___
pit,__pi_t____
pitch,__pi_tch__
pits,__pi_ts___
pitt,__pi_tt___
place,_pla_ce___
placed,_pla_ced__
plaid,_plaid____
plain,_plain____
plan,_pla_n____
plane,_pla_ne___
planes,_pla_nes__
plank,_pla_nk___
planned,_pla_nned_
plans,_pla_ns___
plant,_pla_nt___
plants,_pla_nts__
plaque,_pla_que__
plate,_pla_te___
plates,_pla_tes__
play,_play_____
played,_played___
plea,_plea_____
please,_please___
pleased,_pleased__
pledge,_ple_dge__
plop,_plo_p____
plot,_plo_t____
plow,_plow_____
plowed,_plowed___
plows,_plows____
pluck,_plu_ck___
plucked,_plu_cked_
plug,_plu_g____
plum,_plu_m____
plump,_plu_mp___
plums,_plu_ms___
plunge,_plu_nge__
plunged,_plu_nged_
plus,_plu_s____
po,__po______
poached,__poached_
pod,__po_d____
point,__point___
points,__points__
poke,__po_ke___
poked,__po_ked__
pole,__po_le___
poles,__po_les__
pond,__po_nd___
pong,__po_ng___
pooch,__pooch___
poof,__poof____
pooh,__pooh____
pool,__pool____
poop,__poop____
poor,__poor____
pop,__po_p____
pope,__po_pe___
popped,__po_pped_
porch,__po_rch__
pork,__po_rk___
pose,__po_se___
post,__po_st___
pot,__po_t____
pots,__po_ts___
pouch,__pouch___
pounce,__pounce__
pound,__pound___
pounds,__pounds__
pour,__pour____
poured,__poured__
pout,__pout____
pox,__po_x____
praise,_praise___
prance,_pra_nce__
prank,_pra_nk___
pray,_pray_____
preach,_preach___
press,_pre_ss___
pressed,_pre_ssed_
price,_pri_ce___
prick,_pri_ck___
pride,_pri_de___
priest,_priest___
prime,_pri_me___
prince,_pri_nce__
print,_pri_nt___
prize,_pri_ze___
prized,_pri_zed__
pro,_pro______
proof,_proof____
proud,_proud____
prove,_pro_ve___
prune,_pru_ne___
pry,_pry______
psalm,_psa_lm___
puck,__pu_ck___
puff,__pu_ff___
puffed,__pu_ffed_
puke,__pu_ke___
pull,__pu_ll___
pulled,__pu_lled_
pulls,__pu_lls__
pump,__pu_mp___
pumped,__pu_mped_
punch,__pu_nch__
punt,__pu_nt___
pup,__pu_p____
pure,__pu_re___
purr,__pu_rr___
purred,__pu_rred_
purse,__pu_rse__
pus,__pu_s____
push,__pu_sh___
pushed,__pu_shed_
puss,__pu_ss___
put,__pu_t____
puts,__pu_ts___
putt,__pu_tt___
quack,_qua_ck___
quacked,_qua_cked_
quake,_qua_ke___
quart,_qua_rt___
queen,_queen____
queer,_queer____
quick,_qui_ck___
quilt,_qui_lt___
quit,_qui_t____
quite,_qui_te___
quiz,_qui_z____
quote,_quo_te___
race,__ra_ce___
raced,__ra_ced__
rack,__ra_ck___
raft,__ra_ft___
rag,__ra_g____
rage,__ra_ge___
rail,__rail____
rails,__rails___
rain,__rain____
rained,__rained__
rains,__rains___
raise,__raise___
raised,__raised__
rake,__ra_ke___
ralph,__ra_lph__
ram,__ra_m____
ramp,__ra_mp___
ran,__ra_n____
ranch,__ra_nch__
rang,__ra_ng___
range,__ra_nge__
rare,__ra_re___
rash,__ra_sh___
rat,__ra_t____
rate,__ra_te___
rats,__ra_ts___
raw,__raw_____
ray,__ray_____
reach,__reach___
reached,__reached_
read,__read____
reads,__reads___
real,__real____
rear,__rear____
red,__re_d____
reed,__reed____
reek,__reek____
reel,__reel____
ref,__re_f____
reins,__reins___
rent,__re_nt___
rest,__re_st___
rests,__re_sts__
rhyme,_rhy_me___
rib,__ri_b____
rice,__ri_ce___
rich,__ri_ch___
rick,__ri_ck___
rid,__ri_d____
ride,__ri_de___
rides,__ri_des__
ridge,__ri_dge__
rig,__ri_g____
right,__ri_ght__
rights,__ri_ghts_
rim,__ri_m____
rind,__ri_nd___
ring,__ri_ng___
rings,__ri_ngs__
rink,__ri_nk___
rinse,__ri_nse__
rip,__ri_p____
ripe,__ri_pe___
ripped,__ri_pped_
rise,__ri_se___
risk,__ri_sk___
roach,__roach___
road,__road____
roads,__roads___
roam,__roam____
roar,__roar____
roared,__roared__
roars,__roars___
roast,__roast___
rob,__ro_b____
robe,__ro_be___
rock,__ro_ck___
rocked,__ro_cked_
rocks,__ro_cks__
rod,__ro_d____
rode,__ro_de___
role,__ro_le___
roll,__ro_ll___
rolled,__ro_lled_
rolls,__ro_lls__
roof,__roof____
room,__room____
rooms,__rooms___
root,__root____
roots,__roots___
rope,__ro_pe___
ropes,__ro_pes__
rose,__ro_se___
rot,__ro_t____
rough,__rough___
round,__round___
row,__row_____
rows,__rows____
rub,__ru_b____
rubbed,__ru_bbed_
rude,__ru_de___
ruff,__ru_ff___
rug,__ru_g____
rule,__ru_le___
rules,__ru_les__
rum,__ru_m____
rump,__ru_mp___
run,__ru_n____
rung,__ru_ng___
runs,__ru_ns___
runt,__ru_nt___
rush,__ru_sh___
rushed,__ru_shed_
rust,__ru_st___
rye,__rye_____
sac,__sa_c____
sack,__sa_ck___
sad,__sa_d____
safe,__sa_fe___
sag,__sa_g____
said,__said____
sail,__sail____
sailed,__sailed__
saint,__saint___
sake,__sa_ke___
sal,__sa_l____
sale,__sa_le___
salt,__sa_lt___
sam,__sa_m____
same,__sa_me___
sand,__sa_nd___
sane,__sa_ne___
sang,__sa_ng___
sank,__sa_nk___
sap,__sa_p____
sash,__sa_sh___
sat,__sa_t____
sauce,__sauce___
save,__sa_ve___
saved,__sa_ved__
saw,__saw_____
sax,__sa_x____
say,__say_____
says,__says____
scab,_sca_b____
scale,_sca_le___
scales,_sca_les__
scalp,_sca_lp___
scar,_sca_r____
scare,_sca_re___
scared,_sca_red__
scarf,_sca_rf___
scene,_sce_ne___
scent,_sce_nt___
school,school____
schools,schools___
scold,_sco_ld___
scoop,_scoop____
scoot,_scoot____
score,_sco_re___
scored,_sco_red__
scout,_scout____
scouts,_scouts___
scrap,scra_p____
scrape,scra_pe___
scratch,scra_tch__
scratched,scra_tched
scream,scream____
screamed,screamed__
screech,screech___
screen,screen____
screw,screw_____
scrub,scru_b____
scrunch,scru_nch__
scuff,_scu_ff___
sculpt,_scu_lpt__
sea,__sea_____
seal,__seal____
seam,__seam____
search,__search__
searched,__searched
seat,__seat____
seats,__seats___
see,__see_____
seed,__seed____
seeds,__seeds___
seek,__seek____
seem,__seem____
seemed,__seemed__
seems,__seems___
seen,__seen____
sees,__sees____
self,__se_lf___
sell,__se_ll___
send,__se_nd___
sense,__se_nse__
sent,__se_nt___
serve,__se_rve__
served,__se_rved_
set,__se_t____
sew,__sew_____
sews,__sews____
shack,_sha_ck___
shade,_sha_de___
shake,_sha_ke___
shakes,_sha_kes__
shall,_sha_ll___
shame,_sha_me___
shape,_sha_pe___
shaped,_sha_ped__
shapes,_sha_pes__
share,_sha_re___
shark,_sha_rk___
sharp,_sha_rp___
shave,_sha_ve___
she,_she______
shear,_shear____
shed,_she_d____
sheep,_sheep____
sheet,_sheet____
sheets,_sheets___
shelf,_she_lf___
shell,_she_ll___
shells,_she_lls__
shelve,_she_lve__
shelves,_she_lves_
shield,_shield___
shin,_shi_n____
shine,_shi_ne___
shines,_shi_nes__
ship,_shi_p____
ships,_shi_ps___
shirt,_shi_rt___
shit,_shi_t____
shock,_sho_ck___
shoe,_shoe_____
shoes,_shoes____
shone,_sho_ne___
shook,_shook____
shoot,_shoot____
shoots,_shoots___
shop,_sho_p____
shore,_sho_re___
shorn,_sho_rn___
short,_sho_rt___
shorts,_sho_rts__
shot,_sho_t____
should,_should___
shout,_shout____
shouts,_shouts___
shove,_sho_ve___
show,_show_____
showed,_showed___
shows,_shows____
shriek,shriek____
shrieked,shrieked__
shrimp,shri_mp___
shrink,shri_nk___
shrub,shru_b____
shrug,shru_g____
shrunk,shru_nk___
shush,_shu_sh___
shut,_shu_t____
shy,_shy______
sick,__si_ck___
side,__si_de___
sides,__si_des__
sieve,__sieve___
sigh,__si_gh___
sighed,__si_ghed_
sight,__si_ght__
sights,__si_ghts_
sign,__si_gn___
signed,__si_gned_
silk,__si_lk___
sill,__si_ll___
sin,__si_n____
since,__si_nce__
sing,__si_ng___
sings,__si_ngs__
sink,__si_nk___
sip,__si_p____
sir,__si_r____
sit,__si_t____
site,__si_te___
sits,__si_ts___
six,__si_x____
sixth,__si_xth__
size,__si_ze___
skate,_ska_te___
skates,_ska_tes__
sketch,_ske_tch__
ski,_ski______
skid,_ski_d____
skies,_skies____
skill,_ski_ll___
skilled,_ski_lled_
skim,_ski_m____
skin,_ski_n____
skip,_ski_p____
skipped,_ski_pped_
skirt,_ski_rt___
skull,_sku_ll___
skunk,_sku_nk___
sky,_sky______
skye,_skye_____
slab,_sla_b____
slam,_sla_m____
slammed,_sla_mmed_
slant,_sla_nt___
slap,_sla_p____
slash,_sla_sh___
slave,_sla_ve___
slaw,_slaw_____
sled,_sle_d____
sleep,_sleep____
sleeps,_sleeps___
sleeve,_sleeve___
sleigh,_sleigh___
slept,_sle_pt___
slice,_sli_ce___
slid,_sli_d____
slide,_sli_de___
slim,_sli_m____
slime,_sli_me___
sling,_sli_ng___
slip,_sli_p____
slipped,_sli_pped_
slips,_sli_ps___
slob,_slo_b____
slop,_slo_p____
slope,_slo_pe___
slosh,_slo_sh___
slot,_slo_t____
sloth,_slo_th___
slow,_slow_____
slowed,_slowed___
slows,_slows____
sludge,_slu_dge__
slug,_slu_g____
slurp,_slu_rp___
slush,_slu_sh___
sly,_sly______
smack,_sma_ck___
small,_sma_ll___
smart,_sma_rt___
smash,_sma_sh___
smashed,_sma_shed_
smear,_smear____
smell,_sme_ll___
smelled,_sme_lled_
smells,_sme_lls__
smile,_smi_le___
smiled,_smi_led__
smiles,_smi_les__
smirk,_smi_rk___
smith,_smi_th___
smock,_smo_ck___
smog,_smo_g____
smoke,_smo_ke___
smooth,_smooth___
smoothed,_smoothed_
smudge,_smu_dge__
snack,_sna_ck___
snacks,_sna_cks__
snail,_snail____
snake,_sna_ke___
snakes,_sna_kes__
snap,_sna_p____
snapped,_sna_pped_
snarl,_sna_rl___
snatch,_sna_tch__
snatched,_sna_tched
sneak,_sneak____
sneeze,_sneeze___
sneezed,_sneezed__
sniff,_sni_ff___
sniffed,_sni_ffed_
snip,_sni_p____
snooks,_snooks___
snoop,_snoop____
snooze,_snooze___
snore,_sno_re___
snored,_sno_red__
snores,_sno_res__
snort,_sno_rt___
snot,_sno_t____
snout,_snout____
snow,_snow_____
snowed,_snowed___
snows,_snows____
snuffed,_snu_ffed_
snug,_snu_g____
so,__so______
soak,__soak____
soap,__soap____
sob,__so_b____
sock,__so_ck___
socks,__so_cks__
soft,__so_ft___
soil,__soil____
sold,__so_ld___
sole,__so_le___
solve,__so_lve__
some,__so_me___
son,__so_n____
song,__so_ng___
sons,__so_ns___
soon,__soon____
soot,__soot____
soothe,__soothe__
sore,__so_re___
sort,__so_rt___
sorts,__so_rts__
soul,__soul____
sound,__sound___
sounds,__sounds__
soup,__soup____
sour,__sour____
south,__south___
space,_spa_ce___
spade,_spa_de___
spades,_spa_des__
spain,_spain____
spank,_spa_nk___
spare,_spa_re___
spark,_spa_rk___
spat,_spa_t____
speak,_speak____
speaks,_speaks___
spear,_spear____
speck,_spe_ck___
sped,_spe_d____
speech,_speech___
speed,_speed____
spell,_spe_ll___
spelled,_spe_lled_
spend,_spe_nd___
spent,_spe_nt___
spew,_spew_____
sphere,sphe_re___
spice,_spi_ce___
spike,_spi_ke___
spill,_spi_ll___
spilled,_spi_lled_
spin,_spi_n____
spine,_spi_ne___
spins,_spi_ns___
spit,_spi_t____
splash,spla_sh___
splashed,spla_shed_
splat,spla_t____
split,spli_t____
splotch,splo_tch__
spoil,_spoil____
spoiled,_spoiled__
spoils,_spoils___
spoke,_spo_ke___
sponge,_spo_nge__
spook,_spook____
spool,_spool____
spoon,_spoon____
spoons,_spoons___
sport,_spo_rt___
sports,_spo_rts__
spot,_spo_t____
spots,_spo_ts___
spout,_spout____
spray,spray_____
spread,spread____
spring,spri_ng___
sprint,spri_nt___
sprit,spri_t____
spun,_spu_n____
spy,_spy______
square,squa_re___
squares,squa_res__
squash,squa_sh___
squashed,squa_shed_
squat,squa_t____
squaw,squaw_____
squeak,squeak____
squeaked,squeaked__
squeaks,squeaks___
squeal,squeal____
squeeze,squeeze___
squeezed,squeezed__
squelch,sque_lch__
squid,squi_d____
squint,squi_nt___
squirt,squi_rt___
squish,squi_sh___
stab,_sta_b____
stack,_sta_ck___
stacks,_sta_cks__
stage,_sta_ge___
stain,_stain____
stair,_stair____
stairs,_stairs___
stake,_sta_ke___
stale,_sta_le___
stalk,_sta_lk___
stall,_sta_ll___
stamp,_sta_mp___
stamped,_sta_mped_
stand,_sta_nd___
stands,_sta_nds__
star,_sta_r____
stare,_sta_re___
stared,_sta_red__
stars,_sta_rs___
start,_sta_rt___
starts,_sta_rts__
starve,_sta_rve__
state,_sta_te___
stay,_stay_____
stayed,_stayed___
stays,_stays____
steak,_steak____
steal,_steal____
steam,_steam____
steel,_steel____
steep,_steep____
steer,_steer____
stem,_ste_m____
step,_ste_p____
stepped,_ste_pped_
steps,_ste_ps___
stew,_stew_____
stick,_sti_ck___
sticks,_sti_cks__
stiff,_sti_ff___
stile,_sti_le___
still,_sti_ll___
sting,_sti_ng___
stink,_sti_nk___
stir,_sti_r____
stitch,_sti_tch__
stole,_sto_le___
stomp,_sto_mp___
stomped,_sto_mped_
stone,_sto_ne___
stones,_sto_nes__
stood,_stood____
stooge,_stooge___
stool,_stool____
stop,_sto_p____
stopped,_sto_pped_
stops,_sto_ps___
store,_sto_re___
stores,_sto_res__
stork,_sto_rk___
storm,_sto_rm___
storms,_sto_rms__
stout,_stout____
stove,_sto_ve___
straight,straight__
strain,strain____
strand,stra_nd___
strange,stra_nge__
strap,stra_p____
straw,straw_____
straws,straws____
stray,stray_____
streak,streak____
stream,stream____
streams,streams___
street,street____
streets,streets___
strength,stre_ngth_
stretch,stre_tch__
stretched,stre_tched
strict,stri_ct___
strike,stri_ke___
string,stri_ng___
stringed,stri_nged_
strings,stri_ngs__
strip,stri_p____
stripe,stri_pe___
striped,stri_ped__
stripes,stri_pes__
strive,stri_ve___
stroll,stro_ll___
strong,stro_ng___
struck,stru_ck___
strum,stru_m____
strut,stru_t____
stuck,_stu_ck___
stuff,_stu_ff___
stuffed,_stu_ffed_
stump,_stu_mp___
stunt,_stu_nt___
sty,_sty______
style,_sty_le___
sub,__su_b____
such,__su_ch___
suck,__su_ck___
suds,__su_ds___
sue,__sue_____
suit,__suit____
suits,__suits___
sulk,__su_lk___
sum,__su_m____
sun,__su_n____
sure,__su_re___
surf,__su_rf___
swab,_swa_b____
swam,_swa_m____
swamp,_swa_mp___
swan,_swa_n____
swap,_swa_p____
swarm,_swa_rm___
swat,_swa_t____
swear,_swear____
sweat,_sweat____
sweep,_sweep____
sweet,_sweet____
swell,_swe_ll___
swept,_swe_pt___
swerve,_swe_rve__
swift,_swi_ft___
swim,_swi_m____
swims,_swi_ms___
swine,_swi_ne___
swing,_swi_ng___
swings,_swi_ngs__
swirl,_swi_rl___
swish,_swi_sh___
switch,_swi_tch__
swoop,_swoop____
swooped,_swooped__
sword,_swo_rd___
swung,_swu_ng___
tack,__ta_ck___
tag,__ta_g____
tail,__tail____
tailed,__tailed__
tails,__tails___
take,__ta_ke___
takes,__ta_kes__
tale,__ta_le___
tales,__ta_les__
talk,__ta_lk___
talked,__ta_lked_
talks,__ta_lks__
tall,__ta_ll___
tame,__ta_me___
tan,__ta_n____
tank,__ta_nk___
tao,__tao_____
tap,__ta_p____
tape,__ta_pe___
taps,__ta_ps___
tar,__ta_r____
tart,__ta_rt___
tarts,__ta_rts__
task,__ta_sk___
taste,__ta_ste__
tastes,__ta_stes_
taught,__taught__
taunt,__taunt___
tax,__ta_x____
tea,__tea_____
teach,__teach___
team,__team____
tear,__tear____
tears,__tears___
tease,__tease___
tee,__tee_____
teen,__teen____
teens,__teens___
teeth,__teeth___
tell,__te_ll___
tells,__te_lls__
tempt,__te_mpt__
ten,__te_n____
tent,__te_nt___
tenth,__te_nth__
term,__te_rm___
test,__te_st___
text,__te_xt___
than,_tha_n____
thank,_tha_nk___
thanked,_tha_nked_
thanks,_tha_nks__
that,_tha_t____
thaw,_thaw_____
the,_the______
thee,_thee_____
theft,_the_ft___
their,_their____
them,_the_m____
theme,_the_me___
then,_the_n____
there,_the_re___
these,_the_se___
they,_they_____
thick,_thi_ck___
thief,_thief____
thigh,_thi_gh___
thin,_thi_n____
thing,_thi_ng___
things,_thi_ngs__
think,_thi_nk___
thinks,_thi_nks__
third,_thi_rd___
thirst,_thi_rst__
this,_thi_s____
thorn,_tho_rn___
those,_tho_se___
thou,_thou_____
though,_though___
thought,_thought__
thrash,thra_sh___
thread,thread____
threat,threat____
three,three_____
threw,threw_____
thrill,thri_ll___
throat,throat____
throne,thro_ne___
through,through___
throw,throw_____
thud,_thu_d____
thumb,_thu_mb___
thumbs,_thu_mbs__
thump,_thu_mp___
thus,_thu_s____
thy,_thy______
tic,__ti_c____
tick,__ti_ck___
ticks,__ti_cks__
tide,__ti_de___
tie,__tie_____
tied,__tied____
tight,__ti_ght__
tights,__ti_ghts_
til,__ti_l____
tile,__ti_le___
till,__ti_ll___
tilt,__ti_lt___
time,__ti_me___
times,__ti_mes__
tin,__ti_n____
tip,__ti_p____
tips,__ti_ps___
tire,__ti_re___
tired,__ti_red__
tires,__ti_res__
to,__to______
toad,__toad____
toast,__toast___
toe,__toe_____
toed,__toed____
toes,__toes____
told,__to_ld___
toll,__to_ll___
tom,__to_m____
ton,__to_n____
tone,__to_ne___
tongs,__to_ngs__
tongue,__to_ngue_
tongues,__to_ngues
too,__too_____
took,__took____
tool,__tool____
toot,__toot____
tooth,__tooth___
toots,__toots___
top,__to_p____
tops,__to_ps___
torch,__to_rch__
tore,__to_re___
torn,__to_rn___
toss,__to_ss___
tossed,__to_ssed_
tot,__to_t____
touch,__touch___
touched,__touched_
tough,__tough___
tour,__tour____
tow,__tow_____
town,__town____
towns,__towns___
toy,__toy_____
toys,__toys____
trace,_tra_ce___
track,_tra_ck___
tracks,_tra_cks__
trade,_tra_de___
trail,_trail____
train,_train____
trains,_trains___
tramp,_tra_mp___
trap,_tra_p____
trash,_tra_sh___
tray,_tray_____
tread,_tread____
treat,_treat____
tree,_tree_____
trees,_trees____
tribe,_tri_be___
trick,_tri_ck___
tricks,_tri_cks__
tried,_tried____
trim,_tri_m____
trimmed,_tri_mmed_
trip,_tri_p____
tripped,_tri_pped_
trips,_tri_ps___
troll,_tro_ll___
troop,_troop____
troops,_troops___
trot,_tro_t____
trough,_trough___
trout,_trout____
truce,_tru_ce___
truck,_tru_ck___
trucks,_tru_cks__
true,_true_____
trunk,_tru_nk___
trust,_tru_st___
truth,_tru_th___
try,_try______
tub,__tu_b____
tube,__tu_be___
tuck,__tu_ck___
tucked,__tu_cked_
tug,__tu_g____
tugged,__tu_gged_
tum,__tu_m____
tune,__tu_ne___
turn,__tu_rn___
turned,__tu_rned_
turns,__tu_rns__
tush,__tu_sh___
tusk,__tu_sk___
tut,__tu_t____
twas,_twa_s____
twelfth,_twe_lfth_
twelve,_twe_lve__
twerp,_twe_rp___
twice,_twi_ce___
twig,_twi_g____
twin,_twi_n____
twins,_twi_ns___
twirl,_twi_rl___
twirled,_twi_rled_
twist,_twi_st___
twitch,_twi_tch__
twitched,_twi_tched
two,_two______
tyke,__ty_ke___
type,__ty_pe___
uh,___u_h____
um,___u_m____
up,___u_p____
ups,___u_ps___
us,___u_s____
use,___u_se___
used,___u_sed__
van,__va_n____
vase,__va_se___
veal,__veal____
vein,__vein____
verb,__ve_rb___
verse,__ve_rse__
vest,__ve_st___
vet,__ve_t____
view,__view____
vine,__vi_ne___
vines,__vi_nes__
voice,__voice___
vote,__vo_te___
wad,__wa_d____
wade,__wa_de___
wag,__wa_g____
waist,__waist___
wait,__wait____
waits,__waits___
wake,__wa_ke___
waked,__wa_ked__
wakes,__wa_kes__
walk,__wa_lk___
walked,__wa_lked_
walks,__wa_lks__
wall,__wa_ll___
walls,__wa_lls__
wand,__wa_nd___
want,__wa_nt___
wants,__wa_nts__
war,__wa_r____
warm,__wa_rm___
warmth,__wa_rmth_
warn,__wa_rn___
warned,__wa_rned_
warp,__wa_rp___
wart,__wa_rt___
was,__wa_s____
wash,__wa_sh___
washed,__wa_shed_
wasp,__wa_sp___
waste,__wa_ste__
watch,__wa_tch__
watched,__wa_tched
wave,__wa_ve___
waved,__wa_ved__
waves,__wa_ves__
wax,__wa_x____
waxed,__wa_xed__
way,__way_____
ways,__ways____
we,__we______
weak,__weak____
wealth,__wealth__
wear,__wear____
wears,__wears___
web,__we_b____
webbed,__we_bbed_
wed,__we_d____
wee,__wee_____
weed,__weed____
weeds,__weeds___
week,__week____
weeks,__weeks___
weep,__weep____
weigh,__weigh___
weight,__weight__
weird,__weird___
well,__we_ll___
went,__we_nt___
were,__we_re___
west,__we_st___
wet,__we_t____
whack,_wha_ck___
whale,_wha_le___
wham,_wha_m____
what,_wha_t____
wheat,_wheat____
wheel,_wheel____
wheels,_wheels___
wheeze,_wheeze___
when,_whe_n____
where,_whe_re___
which,_whi_ch___
while,_whi_le___
whine,_whi_ne___
whined,_whi_ned__
whip,_whi_p____
whipped,_whi_pped_
whirl,_whi_rl___
whirled,_whi_rled_
whisk,_whi_sk___
whisked,_whi_sked_
white,_whi_te___
whiz,_whi_z____
whizzed,_whi_zzed_
who,_who______
whoa,_whoa_____
whole,_who_le___
whom,_who_m____
whoosh,_whoosh___
whop,_who_p____
whose,_who_se___
why,_why______
wick,__wi_ck___
wide,__wi_de___
width,__wi_dth__
wife,__wi_fe___
wig,__wi_g____
wild,__wi_ld___
will,__wi_ll___
wilt,__wi_lt___
wimp,__wi_mp___
win,__wi_n____
wince,__wi_nce__
wind,__wi_nd___
winds,__wi_nds__
wine,__wi_ne___
wing,__wi_ng___
winged,__wi_nged_
wings,__wi_ngs__
wink,__wi_nk___
winked,__wi_nked_
wins,__wi_ns___
wipe,__wi_pe___
wiped,__wi_ped__
wire,__wi_re___
wires,__wi_res__
wise,__wi_se___
wish,__wi_sh___
wished,__wi_shed_
witch,__wi_tch__
with,__wi_th___
wives,__wi_ves__
woke,__wo_ke___
wolf,__wo_lf___
wolves,__wo_lves_
won,__wo_n____
wont,__wo_nt___
woo,__woo_____
wood,__wood____
woods,__woods___
woof,__woof____
wool,__wool____
word,__wo_rd___
words,__wo_rds__
wore,__wo_re___
work,__wo_rk___
worked,__wo_rked_
works,__wo_rks__
world,__wo_rld__
worm,__wo_rm___
worms,__wo_rms__
worn,__wo_rn___
worse,__wo_rse__
worst,__wo_rst__
worth,__wo_rth__
would,__would___
wound,__wound___
wow,__wow_____
wrap,_wra_p____
wrapped,_wra_pped_
wreak,_wreak____
wreath,_wreath___
wreck,_wre_ck___
wren,_wre_n____
wrench,_wre_nch__
wring,_wri_ng___
wrist,_wri_st___
write,_wri_te___
wrong,_wro_ng___
wrote,_wro_te___
yak,__ya_k____
yam,__ya_m____
yank,__ya_nk___
yap,__ya_p____
yard,__ya_rd___
yards,__ya_rds__
yarn,__ya_rn___
yawn,__yawn____
yawned,__yawned__
yawns,__yawns___
ye,__ye______
yea,__yea_____
yeah,__yeah____
year,__year____
years,__years___
yell,__ye_ll___
yelled,__ye_lled_
yelp,__ye_lp___
yep,__ye_p____
yes,__ye_s____
yet,__ye_t____
yield,__yield___
yip,__yi_p____
yo,__yo______
yoke,__yo_ke___
yolk,__yo_lk___
york,__yo_rk___
you,__you_____
young,__young___
your,__your____
yours,__yours___
youth,__youth___
yuck,__yu_ck___
yum,__yu_m____
zack,__za_ck___
zap,__za_p____
zip,__zi_p____
zone,__zo_ne___
zoo,__zoo_____
zoom,__zoom____
zoomed,__zoomed__
